,id,image_name,file_name,status,url
0,12,v=64255358434074746511676541469,12.png,True,https://cdn.shopify.com/s/files/1/2418/2505/t/189/assets/eb-menu.png?v=64255358434074746511676541469
1,13,v=1672218737,13.png,True,https://cdn.shopify.com/s/files/1/2418/2505/files/LOGO_CHECKOUT_PAGE_Tm_2_30360d49-219c-4bab-b89b-acb9b25dfc32_410x.png?v=1672218737
2,14,v=123366842444774287131676541468,14.png,True,https://cdn.shopify.com/s/files/1/2418/2505/t/189/assets/eb-finding.png?v=123366842444774287131676541468
3,15,v=157153738951192640751676541470,15.png,True,https://cdn.shopify.com/s/files/1/2418/2505/t/189/assets/eb-userlogin.png?v=157153738951192640751676541470
4,16,v=102448219787711219871676541469,16.png,True,https://cdn.shopify.com/s/files/1/2418/2505/t/189/assets/eb-shoppingcart.png?v=102448219787711219871676541469
5,17,v=135032737531250603901676541466,17.svg,True,https://cdn.shopify.com/s/files/1/2418/2505/t/189/assets/close.svg?v=135032737531250603901676541466
6,18,v=1665479875,18.png,True,https://cdn.shopify.com/s/files/1/2418/2505/files/Occation.png?v=1665479875
7,19,v=93085344531755168891676541454,19.svg,True,https://cdn.shopify.com/s/files/1/2418/2505/t/189/assets/back.svg?v=93085344531755168891676541454
8,20,v=1665479875,20.png,True,https://cdn.shopify.com/s/files/1/2418/2505/files/Occation.png?v=1665479875
9,21,v=135032737531250603901676541466,21.svg,True,https://cdn.shopify.com/s/files/1/2418/2505/t/189/assets/close.svg?v=135032737531250603901676541466
10,22,v=1665479875,22.png,True,https://cdn.shopify.com/s/files/1/2418/2505/files/Recipients.png?v=1665479875
11,23,v=93085344531755168891676541454,23.svg,True,https://cdn.shopify.com/s/files/1/2418/2505/t/189/assets/back.svg?v=93085344531755168891676541454
12,24,v=1665479875,24.png,True,https://cdn.shopify.com/s/files/1/2418/2505/files/Recipients.png?v=1665479875
13,25,v=135032737531250603901676541466,25.svg,True,https://cdn.shopify.com/s/files/1/2418/2505/t/189/assets/close.svg?v=135032737531250603901676541466
14,26,v=1665479875,26.png,True,https://cdn.shopify.com/s/files/1/2418/2505/files/Collection.png?v=1665479875
15,27,v=93085344531755168891676541454,27.svg,True,https://cdn.shopify.com/s/files/1/2418/2505/t/189/assets/back.svg?v=93085344531755168891676541454
16,28,v=1665479875,28.png,True,https://cdn.shopify.com/s/files/1/2418/2505/files/Collection.png?v=1665479875
17,29,v=135032737531250603901676541466,29.svg,True,https://cdn.shopify.com/s/files/1/2418/2505/t/189/assets/close.svg?v=135032737531250603901676541466
18,30,v=1673082379,30.png,True,https://cdn.shopify.com/s/files/1/2418/2505/files/Hobbies.png?v=1673082379
19,31,v=93085344531755168891676541454,31.svg,True,https://cdn.shopify.com/s/files/1/2418/2505/t/189/assets/back.svg?v=93085344531755168891676541454
20,32,v=1673082379,32.png,True,https://cdn.shopify.com/s/files/1/2418/2505/files/Hobbies.png?v=1673082379
21,33,v=135032737531250603901676541466,33.svg,True,https://cdn.shopify.com/s/files/1/2418/2505/t/189/assets/close.svg?v=135032737531250603901676541466
22,34,v=1665479875,34.png,True,https://cdn.shopify.com/s/files/1/2418/2505/files/Metal_Sign.png?v=1665479875
23,35,v=1665479875,35.png,True,https://cdn.shopify.com/s/files/1/2418/2505/files/Indoor.png?v=1665479875
24,36,v=93085344531755168891676541454,36.svg,True,https://cdn.shopify.com/s/files/1/2418/2505/t/189/assets/back.svg?v=93085344531755168891676541454
25,37,v=1665479875,37.png,True,https://cdn.shopify.com/s/files/1/2418/2505/files/Indoor.png?v=1665479875
26,38,v=1665479875,38.png,True,https://cdn.shopify.com/s/files/1/2418/2505/files/Indoor.png?v=1665479875
27,39,v=135032737531250603901676541466,39.svg,True,https://cdn.shopify.com/s/files/1/2418/2505/t/189/assets/close.svg?v=135032737531250603901676541466
28,40,v=1665479875,40.png,True,https://cdn.shopify.com/s/files/1/2418/2505/files/Outdoor.png?v=1665479875
29,41,v=93085344531755168891676541454,41.svg,True,https://cdn.shopify.com/s/files/1/2418/2505/t/189/assets/back.svg?v=93085344531755168891676541454
30,42,v=1665479875,42.png,True,https://cdn.shopify.com/s/files/1/2418/2505/files/Outdoor.png?v=1665479875
31,43,v=1665479875,43.png,True,https://cdn.shopify.com/s/files/1/2418/2505/files/Outdoor.png?v=1665479875
32,44,v=135032737531250603901676541466,44.svg,True,https://cdn.shopify.com/s/files/1/2418/2505/t/189/assets/close.svg?v=135032737531250603901676541466
33,45,v=1665479875,45.png,True,https://cdn.shopify.com/s/files/1/2418/2505/files/Tumbler.png?v=1665479875
34,46,v=93085344531755168891676541454,46.svg,True,https://cdn.shopify.com/s/files/1/2418/2505/t/189/assets/back.svg?v=93085344531755168891676541454
35,47,v=1665479875,47.png,True,https://cdn.shopify.com/s/files/1/2418/2505/files/Tumbler.png?v=1665479875
36,48,v=1665479875,48.png,True,https://cdn.shopify.com/s/files/1/2418/2505/files/Tumbler.png?v=1665479875
37,49,v=135032737531250603901676541466,49.svg,True,https://cdn.shopify.com/s/files/1/2418/2505/t/189/assets/close.svg?v=135032737531250603901676541466
38,50,v=1665479875,50.png,True,https://cdn.shopify.com/s/files/1/2418/2505/files/T-shirt.png?v=1665479875
39,51,v=93085344531755168891676541454,51.svg,True,https://cdn.shopify.com/s/files/1/2418/2505/t/189/assets/back.svg?v=93085344531755168891676541454
40,52,v=1665479875,52.png,True,https://cdn.shopify.com/s/files/1/2418/2505/files/T-shirt.png?v=1665479875
41,53,v=1665479875,53.png,True,https://cdn.shopify.com/s/files/1/2418/2505/files/T-shirt.png?v=1665479875
42,54,v=135032737531250603901676541466,54.svg,True,https://cdn.shopify.com/s/files/1/2418/2505/t/189/assets/close.svg?v=135032737531250603901676541466
43,55,v=1665479875,55.png,True,https://cdn.shopify.com/s/files/1/2418/2505/files/Sale.png?v=1665479875
44,56,v=93085344531755168891676541454,56.svg,True,https://cdn.shopify.com/s/files/1/2418/2505/t/189/assets/back.svg?v=93085344531755168891676541454
45,57,v=1665479875,57.png,True,https://cdn.shopify.com/s/files/1/2418/2505/files/Sale.png?v=1665479875
46,58,v=135032737531250603901676541466,58.svg,True,https://cdn.shopify.com/s/files/1/2418/2505/t/189/assets/close.svg?v=135032737531250603901676541466
47,59,v=1646218324,59.png,True,https://cdn.shopify.com/s/files/1/2418/2505/files/Logo_Wander_Prints_2000x1000_50a5da7f-4b09-4485-9031-c86ffe3b0c46_410x.png?v=1646218324
48,60,v=157153738951192640751676541470,60.png,True,https://cdn.shopify.com/s/files/1/2418/2505/t/189/assets/eb-userlogin.png?v=157153738951192640751676541470
49,61,v=63771764875035134781676541469,61.png,True,https://cdn.shopify.com/s/files/1/2418/2505/t/189/assets/eb-track-order.png?v=63771764875035134781676541469
50,62,v=102448219787711219871676541469,62.png,True,https://cdn.shopify.com/s/files/1/2418/2505/t/189/assets/eb-shoppingcart.png?v=102448219787711219871676541469
51,63,v=76879844451359040311676541465,63.png,True,https://cdn.shopify.com/s/files/1/2418/2505/t/189/assets/cart-empty.png?v=76879844451359040311676541465
52,64,v=1665479875,64.png,True,https://cdn.shopify.com/s/files/1/2418/2505/files/Occation.png?v=1665479875
53,65,v=1665479875,65.png,True,https://cdn.shopify.com/s/files/1/2418/2505/files/Recipients.png?v=1665479875
54,66,v=1665479875,66.png,True,https://cdn.shopify.com/s/files/1/2418/2505/files/Collection.png?v=1665479875
55,67,v=1673082379,67.png,True,https://cdn.shopify.com/s/files/1/2418/2505/files/Hobbies.png?v=1673082379
56,68,v=1665479875,68.png,True,https://cdn.shopify.com/s/files/1/2418/2505/files/Metal_Sign.png?v=1665479875
57,69,v=1665479875,69.png,True,https://cdn.shopify.com/s/files/1/2418/2505/files/Indoor.png?v=1665479875
58,70,v=1665479875,70.png,True,https://cdn.shopify.com/s/files/1/2418/2505/files/Outdoor.png?v=1665479875
59,71,v=1665479875,71.png,True,https://cdn.shopify.com/s/files/1/2418/2505/files/Tumbler.png?v=1665479875
60,72,v=1665479875,72.png,True,https://cdn.shopify.com/s/files/1/2418/2505/files/T-shirt.png?v=1665479875
61,73,v=1665479875,73.png,True,https://cdn.shopify.com/s/files/1/2418/2505/files/Sale.png?v=1665479875
62,74,v=1635335964,74.jpg,True,https://cdn.shopify.com/s/files/1/2418/2505/products/NT029-NEL551-Mk-def_300x.jpg?v=1635335964
63,75,v=1635335964,75.jpg,True,https://cdn.shopify.com/s/files/1/2418/2505/products/NT029-NEL551-Mk-web-1_300x.jpg?v=1635335964
64,76,v=1635335965,76.jpg,True,https://cdn.shopify.com/s/files/1/2418/2505/products/NT029-NEL551-Mk-web-2_300x.jpg?v=1635335965
65,77,v=1635335964,77.jpg,True,https://cdn.shopify.com/s/files/1/2418/2505/products/NT029-NEL551-Mk-web-3_300x.jpg?v=1635335964
66,78,v=1635335964,78.jpg,True,https://cdn.shopify.com/s/files/1/2418/2505/products/NT029-NEL551-Mk-web-4_300x.jpg?v=1635335964
67,79,v=143511463830405639521676541558,79.svg,True,https://cdn.shopify.com/s/files/1/2418/2505/t/189/assets/question.svg?v=143511463830405639521676541558
68,80,v=12033488525615444041676541561,80.png,True,https://cdn.shopify.com/s/files/1/2418/2505/t/189/assets/soldout.png?v=12033488525615444041676541561
69,81,v=12033488525615444041676541561,81.png,True,https://cdn.shopify.com/s/files/1/2418/2505/t/189/assets/soldout.png?v=12033488525615444041676541561
70,82,v=12033488525615444041676541561,82.png,True,https://cdn.shopify.com/s/files/1/2418/2505/t/189/assets/soldout.png?v=12033488525615444041676541561
71,83,v=12033488525615444041676541561,83.png,True,https://cdn.shopify.com/s/files/1/2418/2505/t/189/assets/soldout.png?v=12033488525615444041676541561
72,84,v=12033488525615444041676541561,84.png,True,https://cdn.shopify.com/s/files/1/2418/2505/t/189/assets/soldout.png?v=12033488525615444041676541561
73,85,v=12033488525615444041676541561,85.png,True,https://cdn.shopify.com/s/files/1/2418/2505/t/189/assets/soldout.png?v=12033488525615444041676541561
74,86,v=12033488525615444041676541561,86.png,True,https://cdn.shopify.com/s/files/1/2418/2505/t/189/assets/soldout.png?v=12033488525615444041676541561
75,87,v=12033488525615444041676541561,87.png,True,https://cdn.shopify.com/s/files/1/2418/2505/t/189/assets/soldout.png?v=12033488525615444041676541561
76,88,v=12033488525615444041676541561,88.png,True,https://cdn.shopify.com/s/files/1/2418/2505/t/189/assets/soldout.png?v=12033488525615444041676541561
77,89,v=1630578287,89.png,True,https://cdn.shopify.com/s/files/1/2418/2505/files/LOGO_CHECKOUT_PAGE_Tm_2_84ee77ae-be63-4da7-a4e8-d72193937712_480x480.png?v=1630578287
78,90,v=1634121658,90.png,True,https://cdn.shopify.com/s/files/1/2418/2505/files/Untitled-2_d624f5c4-de1a-4bf8-b8b8-c146acd12c09_600x600.png?v=1634121658
79,91,v=1634122121,91.png,True,https://cdn.shopify.com/s/files/1/2418/2505/files/1_0a6a3d47-d03b-42f1-b6c5-64454449cb3e_600x600.png?v=1634122121
80,92,v=1634122158,92.png,True,https://cdn.shopify.com/s/files/1/2418/2505/files/2_0d809158-f5e9-4436-a794-97577c62bfd9_600x600.png?v=1634122158
81,93,v=1634122189,93.png,True,https://cdn.shopify.com/s/files/1/2418/2505/files/3_600x600.png?v=1634122189
82,94,v=1634122214,94.png,True,https://cdn.shopify.com/s/files/1/2418/2505/files/4_600x600.png?v=1634122214
83,95,v=1634122285,95.png,True,https://cdn.shopify.com/s/files/1/2418/2505/files/5_600x600.png?v=1634122285
84,96,v=1673524580,96.png,True,https://cdn.shopify.com/s/files/1/2418/2505/files/tank_size_ac987a1a-205c-4cb2-a137-23d33021b280_2048x2048.png?v=1673524580
85,97,v=12033488525615444041676541561,97.png,True,https://cdn.shopify.com/s/files/1/2418/2505/t/189/assets/soldout.png?v=12033488525615444041676541561
86,98,v=12033488525615444041676541561,98.png,True,https://cdn.shopify.com/s/files/1/2418/2505/t/189/assets/soldout.png?v=12033488525615444041676541561
87,99,v=12033488525615444041676541561,99.png,True,https://cdn.shopify.com/s/files/1/2418/2505/t/189/assets/soldout.png?v=12033488525615444041676541561
88,100,v=12033488525615444041676541561,100.png,True,https://cdn.shopify.com/s/files/1/2418/2505/t/189/assets/soldout.png?v=12033488525615444041676541561
89,101,v=12033488525615444041676541561,101.png,True,https://cdn.shopify.com/s/files/1/2418/2505/t/189/assets/soldout.png?v=12033488525615444041676541561
90,102,v=12033488525615444041676541561,102.png,True,https://cdn.shopify.com/s/files/1/2418/2505/t/189/assets/soldout.png?v=12033488525615444041676541561
91,103,v=12033488525615444041676541561,103.png,True,https://cdn.shopify.com/s/files/1/2418/2505/t/189/assets/soldout.png?v=12033488525615444041676541561
92,104,v=12033488525615444041676541561,104.png,True,https://cdn.shopify.com/s/files/1/2418/2505/t/189/assets/soldout.png?v=12033488525615444041676541561
93,105,v=1630578287,105.png,True,https://cdn.shopify.com/s/files/1/2418/2505/files/LOGO_CHECKOUT_PAGE_Tm_2_84ee77ae-be63-4da7-a4e8-d72193937712_480x480.png?v=1630578287
94,106,v=1634121658,106.png,True,https://cdn.shopify.com/s/files/1/2418/2505/files/Untitled-2_d624f5c4-de1a-4bf8-b8b8-c146acd12c09_600x600.png?v=1634121658
95,107,v=1634122121,107.png,True,https://cdn.shopify.com/s/files/1/2418/2505/files/1_0a6a3d47-d03b-42f1-b6c5-64454449cb3e_600x600.png?v=1634122121
96,108,v=1634122158,108.png,True,https://cdn.shopify.com/s/files/1/2418/2505/files/2_0d809158-f5e9-4436-a794-97577c62bfd9_600x600.png?v=1634122158
97,109,v=1634122189,109.png,True,https://cdn.shopify.com/s/files/1/2418/2505/files/3_600x600.png?v=1634122189
98,110,v=1634122214,110.png,True,https://cdn.shopify.com/s/files/1/2418/2505/files/4_600x600.png?v=1634122214
99,111,v=1634122285,111.png,True,https://cdn.shopify.com/s/files/1/2418/2505/files/5_600x600.png?v=1634122285
100,112,v=1673524580,112.png,True,https://cdn.shopify.com/s/files/1/2418/2505/files/tank_size_ac987a1a-205c-4cb2-a137-23d33021b280_2048x2048.png?v=1673524580
101,113,v=143511463830405639521676541558,113.svg,True,https://cdn.shopify.com/s/files/1/2418/2505/t/189/assets/question.svg?v=143511463830405639521676541558
102,114,v=1672385918,114.jpg,True,https://cdn.shopify.com/s/files/1/2418/2505/collections/T-Shirts_small.jpg?v=1672385918
103,115,v=1672397951,115.jpg,True,https://cdn.shopify.com/s/files/1/2418/2505/collections/colleagues_small.jpg?v=1672397951
104,116,v=1672388425,116.png,True,https://cdn.shopify.com/s/files/1/2418/2505/collections/Screenshot_13_small.png?v=1672388425
105,117,v=1672282765,117.jpg,True,https://cdn.shopify.com/s/files/1/2418/2505/collections/IMG_8300_small.jpg?v=1672282765
106,118,v=1672851202,118.png,True,https://cdn.shopify.com/s/files/1/2418/2505/collections/image_2022-01-15_08-34-46_small.png?v=1672851202
107,119,v=70391776686207917041676541546,119.svg,True,https://cdn.shopify.com/s/files/1/2418/2505/t/189/assets/facebook.svg?v=70391776686207917041676541546
108,120,v=152848068382379405921676541549,120.svg,True,https://cdn.shopify.com/s/files/1/2418/2505/t/189/assets/instagram.svg?v=152848068382379405921676541549
109,121,v=15429327158225707201676541567,121.svg,True,https://cdn.shopify.com/s/files/1/2418/2505/t/189/assets/youtube.svg?v=15429327158225707201676541567
110,122,v=155589194354721895271676541562,122.svg,True,https://cdn.shopify.com/s/files/1/2418/2505/t/189/assets/tiktok.svg?v=155589194354721895271676541562
111,123,v=3792600652985399191676541557,123.svg,True,https://cdn.shopify.com/s/files/1/2418/2505/t/189/assets/pinterest.svg?v=3792600652985399191676541557
112,124,v=154875811522202353011676541565,124.svg,True,https://cdn.shopify.com/s/files/1/2418/2505/t/189/assets/twitter.svg?v=154875811522202353011676541565
113,125,ID=cc2cd213-5ae0-4035-9521-df08f63eddb5,125.png,True,https://images.dmca.com/Badges/DMCA_badge_grn_60w.png?ID=cc2cd213-5ae0-4035-9521-df08f63eddb5
