,id,image_name,file_name,status,url,Unnamed: 0
0,1,ad6517af-6e93-404f-a7f0-63c2d831b08f-ad6517af-6e93-404f-a7f0-63c2d831b08f,1.png,True,https://cdn.customily.com/product-images/ad6517af-6e93-404f-a7f0-63c2d831b08f-ad6517af-6e93-404f-a7f0-63c2d831b08f.png,
1,2,d5ba696e-be02-4-d47c5738-4901-4ffb-96a1-3ae9a929d411,2.jpg,True,https://cdn.customily.com/product-images/d5ba696e-be02-4-d47c5738-4901-4ffb-96a1-3ae9a929d411.jpg,
2,3,035d1dad-9ec7-4dc0-ba34-61dfb53293f4-035d1dad-9ec7-4dc0-ba34-61dfb53293f4,3.png,True,https://cdn.customily.com/product-images/035d1dad-9ec7-4dc0-ba34-61dfb53293f4-035d1dad-9ec7-4dc0-ba34-61dfb53293f4.png,
3,4,987e7591-fbc9-43e1-a7bf-54547b60c09e-987e7591-fbc9-43e1-a7bf-54547b60c09e,4.png,True,https://cdn.customily.com/product-images/987e7591-fbc9-43e1-a7bf-54547b60c09e-987e7591-fbc9-43e1-a7bf-54547b60c09e.png,
4,5,85cd8edf-ef6f-438b-b634-c792006ab634-85cd8edf-ef6f-438b-b634-c792006ab634,5.png,True,https://cdn.customily.com/product-images/85cd8edf-ef6f-438b-b634-c792006ab634-85cd8edf-ef6f-438b-b634-c792006ab634.png,
5,6,b166c6bb-98a5-4db0-a832-51633feb2408-b166c6bb-98a5-4db0-a832-51633feb2408,6.png,True,https://cdn.customily.com/product-images/b166c6bb-98a5-4db0-a832-51633feb2408-b166c6bb-98a5-4db0-a832-51633feb2408.png,
6,7,76361575-29ed-4d6d-9f7f-07706cb6f70a-76361575-29ed-4d6d-9f7f-07706cb6f70a,7.png,True,https://cdn.customily.com/product-images/76361575-29ed-4d6d-9f7f-07706cb6f70a-76361575-29ed-4d6d-9f7f-07706cb6f70a.png,
7,8,95b4126e-2406-4f07-a6e5-7059f058825a-95b4126e-2406-4f07-a6e5-7059f058825a,8.png,True,https://cdn.customily.com/product-images/95b4126e-2406-4f07-a6e5-7059f058825a-95b4126e-2406-4f07-a6e5-7059f058825a.png,
8,9,9273182b-734b-4ec3-89a0-9fab1f25f3e3-9273182b-734b-4ec3-89a0-9fab1f25f3e3,9.png,True,https://cdn.customily.com/product-images/9273182b-734b-4ec3-89a0-9fab1f25f3e3-9273182b-734b-4ec3-89a0-9fab1f25f3e3.png,
9,10,3b0e01de-45f0-428d-a8e4-6ccda88ea467-3b0e01de-45f0-428d-a8e4-6ccda88ea467,10.png,True,https://cdn.customily.com/product-images/3b0e01de-45f0-428d-a8e4-6ccda88ea467-3b0e01de-45f0-428d-a8e4-6ccda88ea467.png,
10,11,9de91082-ef3a-4-f157f8aa-9eb5-42f3-a39b-a9c1fd37c776,11.jpg,True,https://cdn.customily.com/product-images/9de91082-ef3a-4-f157f8aa-9eb5-42f3-a39b-a9c1fd37c776.jpg,
0,12,v=64255358434074746511676541469,12.png,True,https://cdn.shopify.com/s/files/1/2418/2505/t/189/assets/eb-menu.png?v=64255358434074746511676541469,0.0
1,13,v=1672218737,13.png,True,https://cdn.shopify.com/s/files/1/2418/2505/files/LOGO_CHECKOUT_PAGE_Tm_2_30360d49-219c-4bab-b89b-acb9b25dfc32_410x.png?v=1672218737,1.0
2,14,v=123366842444774287131676541468,14.png,True,https://cdn.shopify.com/s/files/1/2418/2505/t/189/assets/eb-finding.png?v=123366842444774287131676541468,2.0
3,15,v=157153738951192640751676541470,15.png,True,https://cdn.shopify.com/s/files/1/2418/2505/t/189/assets/eb-userlogin.png?v=157153738951192640751676541470,3.0
4,16,v=102448219787711219871676541469,16.png,True,https://cdn.shopify.com/s/files/1/2418/2505/t/189/assets/eb-shoppingcart.png?v=102448219787711219871676541469,4.0
5,17,v=135032737531250603901676541466,17.svg,True,https://cdn.shopify.com/s/files/1/2418/2505/t/189/assets/close.svg?v=135032737531250603901676541466,5.0
6,18,v=1665479875,18.png,True,https://cdn.shopify.com/s/files/1/2418/2505/files/Occation.png?v=1665479875,6.0
7,19,v=93085344531755168891676541454,19.svg,True,https://cdn.shopify.com/s/files/1/2418/2505/t/189/assets/back.svg?v=93085344531755168891676541454,7.0
8,20,v=1665479875,20.png,True,https://cdn.shopify.com/s/files/1/2418/2505/files/Occation.png?v=1665479875,8.0
9,21,v=135032737531250603901676541466,21.svg,True,https://cdn.shopify.com/s/files/1/2418/2505/t/189/assets/close.svg?v=135032737531250603901676541466,9.0
10,22,v=1665479875,22.png,True,https://cdn.shopify.com/s/files/1/2418/2505/files/Recipients.png?v=1665479875,10.0
11,23,v=93085344531755168891676541454,23.svg,True,https://cdn.shopify.com/s/files/1/2418/2505/t/189/assets/back.svg?v=93085344531755168891676541454,11.0
12,24,v=1665479875,24.png,True,https://cdn.shopify.com/s/files/1/2418/2505/files/Recipients.png?v=1665479875,12.0
13,25,v=135032737531250603901676541466,25.svg,True,https://cdn.shopify.com/s/files/1/2418/2505/t/189/assets/close.svg?v=135032737531250603901676541466,13.0
14,26,v=1665479875,26.png,True,https://cdn.shopify.com/s/files/1/2418/2505/files/Collection.png?v=1665479875,14.0
15,27,v=93085344531755168891676541454,27.svg,True,https://cdn.shopify.com/s/files/1/2418/2505/t/189/assets/back.svg?v=93085344531755168891676541454,15.0
16,28,v=1665479875,28.png,True,https://cdn.shopify.com/s/files/1/2418/2505/files/Collection.png?v=1665479875,16.0
17,29,v=135032737531250603901676541466,29.svg,True,https://cdn.shopify.com/s/files/1/2418/2505/t/189/assets/close.svg?v=135032737531250603901676541466,17.0
18,30,v=1673082379,30.png,True,https://cdn.shopify.com/s/files/1/2418/2505/files/Hobbies.png?v=1673082379,18.0
19,31,v=93085344531755168891676541454,31.svg,True,https://cdn.shopify.com/s/files/1/2418/2505/t/189/assets/back.svg?v=93085344531755168891676541454,19.0
20,32,v=1673082379,32.png,True,https://cdn.shopify.com/s/files/1/2418/2505/files/Hobbies.png?v=1673082379,20.0
21,33,v=135032737531250603901676541466,33.svg,True,https://cdn.shopify.com/s/files/1/2418/2505/t/189/assets/close.svg?v=135032737531250603901676541466,21.0
22,34,v=1665479875,34.png,True,https://cdn.shopify.com/s/files/1/2418/2505/files/Metal_Sign.png?v=1665479875,22.0
23,35,v=1665479875,35.png,True,https://cdn.shopify.com/s/files/1/2418/2505/files/Indoor.png?v=1665479875,23.0
24,36,v=93085344531755168891676541454,36.svg,True,https://cdn.shopify.com/s/files/1/2418/2505/t/189/assets/back.svg?v=93085344531755168891676541454,24.0
25,37,v=1665479875,37.png,True,https://cdn.shopify.com/s/files/1/2418/2505/files/Indoor.png?v=1665479875,25.0
26,38,v=1665479875,38.png,True,https://cdn.shopify.com/s/files/1/2418/2505/files/Indoor.png?v=1665479875,26.0
27,39,v=135032737531250603901676541466,39.svg,True,https://cdn.shopify.com/s/files/1/2418/2505/t/189/assets/close.svg?v=135032737531250603901676541466,27.0
28,40,v=1665479875,40.png,True,https://cdn.shopify.com/s/files/1/2418/2505/files/Outdoor.png?v=1665479875,28.0
29,41,v=93085344531755168891676541454,41.svg,True,https://cdn.shopify.com/s/files/1/2418/2505/t/189/assets/back.svg?v=93085344531755168891676541454,29.0
30,42,v=1665479875,42.png,True,https://cdn.shopify.com/s/files/1/2418/2505/files/Outdoor.png?v=1665479875,30.0
31,43,v=1665479875,43.png,True,https://cdn.shopify.com/s/files/1/2418/2505/files/Outdoor.png?v=1665479875,31.0
32,44,v=135032737531250603901676541466,44.svg,True,https://cdn.shopify.com/s/files/1/2418/2505/t/189/assets/close.svg?v=135032737531250603901676541466,32.0
33,45,v=1665479875,45.png,True,https://cdn.shopify.com/s/files/1/2418/2505/files/Tumbler.png?v=1665479875,33.0
34,46,v=93085344531755168891676541454,46.svg,True,https://cdn.shopify.com/s/files/1/2418/2505/t/189/assets/back.svg?v=93085344531755168891676541454,34.0
35,47,v=1665479875,47.png,True,https://cdn.shopify.com/s/files/1/2418/2505/files/Tumbler.png?v=1665479875,35.0
36,48,v=1665479875,48.png,True,https://cdn.shopify.com/s/files/1/2418/2505/files/Tumbler.png?v=1665479875,36.0
37,49,v=135032737531250603901676541466,49.svg,True,https://cdn.shopify.com/s/files/1/2418/2505/t/189/assets/close.svg?v=135032737531250603901676541466,37.0
38,50,v=1665479875,50.png,True,https://cdn.shopify.com/s/files/1/2418/2505/files/T-shirt.png?v=1665479875,38.0
39,51,v=93085344531755168891676541454,51.svg,True,https://cdn.shopify.com/s/files/1/2418/2505/t/189/assets/back.svg?v=93085344531755168891676541454,39.0
40,52,v=1665479875,52.png,True,https://cdn.shopify.com/s/files/1/2418/2505/files/T-shirt.png?v=1665479875,40.0
41,53,v=1665479875,53.png,True,https://cdn.shopify.com/s/files/1/2418/2505/files/T-shirt.png?v=1665479875,41.0
42,54,v=135032737531250603901676541466,54.svg,True,https://cdn.shopify.com/s/files/1/2418/2505/t/189/assets/close.svg?v=135032737531250603901676541466,42.0
43,55,v=1665479875,55.png,True,https://cdn.shopify.com/s/files/1/2418/2505/files/Sale.png?v=1665479875,43.0
44,56,v=93085344531755168891676541454,56.svg,True,https://cdn.shopify.com/s/files/1/2418/2505/t/189/assets/back.svg?v=93085344531755168891676541454,44.0
45,57,v=1665479875,57.png,True,https://cdn.shopify.com/s/files/1/2418/2505/files/Sale.png?v=1665479875,45.0
46,58,v=135032737531250603901676541466,58.svg,True,https://cdn.shopify.com/s/files/1/2418/2505/t/189/assets/close.svg?v=135032737531250603901676541466,46.0
47,59,v=1646218324,59.png,True,https://cdn.shopify.com/s/files/1/2418/2505/files/Logo_Wander_Prints_2000x1000_50a5da7f-4b09-4485-9031-c86ffe3b0c46_410x.png?v=1646218324,47.0
48,60,v=157153738951192640751676541470,60.png,True,https://cdn.shopify.com/s/files/1/2418/2505/t/189/assets/eb-userlogin.png?v=157153738951192640751676541470,48.0
49,61,v=63771764875035134781676541469,61.png,True,https://cdn.shopify.com/s/files/1/2418/2505/t/189/assets/eb-track-order.png?v=63771764875035134781676541469,49.0
50,62,v=102448219787711219871676541469,62.png,True,https://cdn.shopify.com/s/files/1/2418/2505/t/189/assets/eb-shoppingcart.png?v=102448219787711219871676541469,50.0
51,63,v=76879844451359040311676541465,63.png,True,https://cdn.shopify.com/s/files/1/2418/2505/t/189/assets/cart-empty.png?v=76879844451359040311676541465,51.0
52,64,v=1665479875,64.png,True,https://cdn.shopify.com/s/files/1/2418/2505/files/Occation.png?v=1665479875,52.0
53,65,v=1665479875,65.png,True,https://cdn.shopify.com/s/files/1/2418/2505/files/Recipients.png?v=1665479875,53.0
54,66,v=1665479875,66.png,True,https://cdn.shopify.com/s/files/1/2418/2505/files/Collection.png?v=1665479875,54.0
55,67,v=1673082379,67.png,True,https://cdn.shopify.com/s/files/1/2418/2505/files/Hobbies.png?v=1673082379,55.0
56,68,v=1665479875,68.png,True,https://cdn.shopify.com/s/files/1/2418/2505/files/Metal_Sign.png?v=1665479875,56.0
57,69,v=1665479875,69.png,True,https://cdn.shopify.com/s/files/1/2418/2505/files/Indoor.png?v=1665479875,57.0
58,70,v=1665479875,70.png,True,https://cdn.shopify.com/s/files/1/2418/2505/files/Outdoor.png?v=1665479875,58.0
59,71,v=1665479875,71.png,True,https://cdn.shopify.com/s/files/1/2418/2505/files/Tumbler.png?v=1665479875,59.0
60,72,v=1665479875,72.png,True,https://cdn.shopify.com/s/files/1/2418/2505/files/T-shirt.png?v=1665479875,60.0
61,73,v=1665479875,73.png,True,https://cdn.shopify.com/s/files/1/2418/2505/files/Sale.png?v=1665479875,61.0
62,74,v=1635335964,74.jpg,True,https://cdn.shopify.com/s/files/1/2418/2505/products/NT029-NEL551-Mk-def_300x.jpg?v=1635335964,62.0
63,75,v=1635335964,75.jpg,True,https://cdn.shopify.com/s/files/1/2418/2505/products/NT029-NEL551-Mk-web-1_300x.jpg?v=1635335964,63.0
64,76,v=1635335965,76.jpg,True,https://cdn.shopify.com/s/files/1/2418/2505/products/NT029-NEL551-Mk-web-2_300x.jpg?v=1635335965,64.0
65,77,v=1635335964,77.jpg,True,https://cdn.shopify.com/s/files/1/2418/2505/products/NT029-NEL551-Mk-web-3_300x.jpg?v=1635335964,65.0
66,78,v=1635335964,78.jpg,True,https://cdn.shopify.com/s/files/1/2418/2505/products/NT029-NEL551-Mk-web-4_300x.jpg?v=1635335964,66.0
67,79,v=143511463830405639521676541558,79.svg,True,https://cdn.shopify.com/s/files/1/2418/2505/t/189/assets/question.svg?v=143511463830405639521676541558,67.0
68,80,v=12033488525615444041676541561,80.png,True,https://cdn.shopify.com/s/files/1/2418/2505/t/189/assets/soldout.png?v=12033488525615444041676541561,68.0
69,81,v=12033488525615444041676541561,81.png,True,https://cdn.shopify.com/s/files/1/2418/2505/t/189/assets/soldout.png?v=12033488525615444041676541561,69.0
70,82,v=12033488525615444041676541561,82.png,True,https://cdn.shopify.com/s/files/1/2418/2505/t/189/assets/soldout.png?v=12033488525615444041676541561,70.0
71,83,v=12033488525615444041676541561,83.png,True,https://cdn.shopify.com/s/files/1/2418/2505/t/189/assets/soldout.png?v=12033488525615444041676541561,71.0
72,84,v=12033488525615444041676541561,84.png,True,https://cdn.shopify.com/s/files/1/2418/2505/t/189/assets/soldout.png?v=12033488525615444041676541561,72.0
73,85,v=12033488525615444041676541561,85.png,True,https://cdn.shopify.com/s/files/1/2418/2505/t/189/assets/soldout.png?v=12033488525615444041676541561,73.0
74,86,v=12033488525615444041676541561,86.png,True,https://cdn.shopify.com/s/files/1/2418/2505/t/189/assets/soldout.png?v=12033488525615444041676541561,74.0
75,87,v=12033488525615444041676541561,87.png,True,https://cdn.shopify.com/s/files/1/2418/2505/t/189/assets/soldout.png?v=12033488525615444041676541561,75.0
76,88,v=12033488525615444041676541561,88.png,True,https://cdn.shopify.com/s/files/1/2418/2505/t/189/assets/soldout.png?v=12033488525615444041676541561,76.0
77,89,v=1630578287,89.png,True,https://cdn.shopify.com/s/files/1/2418/2505/files/LOGO_CHECKOUT_PAGE_Tm_2_84ee77ae-be63-4da7-a4e8-d72193937712_480x480.png?v=1630578287,77.0
78,90,v=1634121658,90.png,True,https://cdn.shopify.com/s/files/1/2418/2505/files/Untitled-2_d624f5c4-de1a-4bf8-b8b8-c146acd12c09_600x600.png?v=1634121658,78.0
79,91,v=1634122121,91.png,True,https://cdn.shopify.com/s/files/1/2418/2505/files/1_0a6a3d47-d03b-42f1-b6c5-64454449cb3e_600x600.png?v=1634122121,79.0
80,92,v=1634122158,92.png,True,https://cdn.shopify.com/s/files/1/2418/2505/files/2_0d809158-f5e9-4436-a794-97577c62bfd9_600x600.png?v=1634122158,80.0
81,93,v=1634122189,93.png,True,https://cdn.shopify.com/s/files/1/2418/2505/files/3_600x600.png?v=1634122189,81.0
82,94,v=1634122214,94.png,True,https://cdn.shopify.com/s/files/1/2418/2505/files/4_600x600.png?v=1634122214,82.0
83,95,v=1634122285,95.png,True,https://cdn.shopify.com/s/files/1/2418/2505/files/5_600x600.png?v=1634122285,83.0
84,96,v=1673524580,96.png,True,https://cdn.shopify.com/s/files/1/2418/2505/files/tank_size_ac987a1a-205c-4cb2-a137-23d33021b280_2048x2048.png?v=1673524580,84.0
85,97,v=12033488525615444041676541561,97.png,True,https://cdn.shopify.com/s/files/1/2418/2505/t/189/assets/soldout.png?v=12033488525615444041676541561,85.0
86,98,v=12033488525615444041676541561,98.png,True,https://cdn.shopify.com/s/files/1/2418/2505/t/189/assets/soldout.png?v=12033488525615444041676541561,86.0
87,99,v=12033488525615444041676541561,99.png,True,https://cdn.shopify.com/s/files/1/2418/2505/t/189/assets/soldout.png?v=12033488525615444041676541561,87.0
88,100,v=12033488525615444041676541561,100.png,True,https://cdn.shopify.com/s/files/1/2418/2505/t/189/assets/soldout.png?v=12033488525615444041676541561,88.0
89,101,v=12033488525615444041676541561,101.png,True,https://cdn.shopify.com/s/files/1/2418/2505/t/189/assets/soldout.png?v=12033488525615444041676541561,89.0
90,102,v=12033488525615444041676541561,102.png,True,https://cdn.shopify.com/s/files/1/2418/2505/t/189/assets/soldout.png?v=12033488525615444041676541561,90.0
91,103,v=12033488525615444041676541561,103.png,True,https://cdn.shopify.com/s/files/1/2418/2505/t/189/assets/soldout.png?v=12033488525615444041676541561,91.0
92,104,v=12033488525615444041676541561,104.png,True,https://cdn.shopify.com/s/files/1/2418/2505/t/189/assets/soldout.png?v=12033488525615444041676541561,92.0
93,105,v=1630578287,105.png,True,https://cdn.shopify.com/s/files/1/2418/2505/files/LOGO_CHECKOUT_PAGE_Tm_2_84ee77ae-be63-4da7-a4e8-d72193937712_480x480.png?v=1630578287,93.0
94,106,v=1634121658,106.png,True,https://cdn.shopify.com/s/files/1/2418/2505/files/Untitled-2_d624f5c4-de1a-4bf8-b8b8-c146acd12c09_600x600.png?v=1634121658,94.0
95,107,v=1634122121,107.png,True,https://cdn.shopify.com/s/files/1/2418/2505/files/1_0a6a3d47-d03b-42f1-b6c5-64454449cb3e_600x600.png?v=1634122121,95.0
96,108,v=1634122158,108.png,True,https://cdn.shopify.com/s/files/1/2418/2505/files/2_0d809158-f5e9-4436-a794-97577c62bfd9_600x600.png?v=1634122158,96.0
97,109,v=1634122189,109.png,True,https://cdn.shopify.com/s/files/1/2418/2505/files/3_600x600.png?v=1634122189,97.0
98,110,v=1634122214,110.png,True,https://cdn.shopify.com/s/files/1/2418/2505/files/4_600x600.png?v=1634122214,98.0
99,111,v=1634122285,111.png,True,https://cdn.shopify.com/s/files/1/2418/2505/files/5_600x600.png?v=1634122285,99.0
100,112,v=1673524580,112.png,True,https://cdn.shopify.com/s/files/1/2418/2505/files/tank_size_ac987a1a-205c-4cb2-a137-23d33021b280_2048x2048.png?v=1673524580,100.0
101,113,v=143511463830405639521676541558,113.svg,True,https://cdn.shopify.com/s/files/1/2418/2505/t/189/assets/question.svg?v=143511463830405639521676541558,101.0
102,114,v=1672385918,114.jpg,True,https://cdn.shopify.com/s/files/1/2418/2505/collections/T-Shirts_small.jpg?v=1672385918,102.0
103,115,v=1672397951,115.jpg,True,https://cdn.shopify.com/s/files/1/2418/2505/collections/colleagues_small.jpg?v=1672397951,103.0
104,116,v=1672388425,116.png,True,https://cdn.shopify.com/s/files/1/2418/2505/collections/Screenshot_13_small.png?v=1672388425,104.0
105,117,v=1672282765,117.jpg,True,https://cdn.shopify.com/s/files/1/2418/2505/collections/IMG_8300_small.jpg?v=1672282765,105.0
106,118,v=1672851202,118.png,True,https://cdn.shopify.com/s/files/1/2418/2505/collections/image_2022-01-15_08-34-46_small.png?v=1672851202,106.0
107,119,v=70391776686207917041676541546,119.svg,True,https://cdn.shopify.com/s/files/1/2418/2505/t/189/assets/facebook.svg?v=70391776686207917041676541546,107.0
108,120,v=152848068382379405921676541549,120.svg,True,https://cdn.shopify.com/s/files/1/2418/2505/t/189/assets/instagram.svg?v=152848068382379405921676541549,108.0
109,121,v=15429327158225707201676541567,121.svg,True,https://cdn.shopify.com/s/files/1/2418/2505/t/189/assets/youtube.svg?v=15429327158225707201676541567,109.0
110,122,v=155589194354721895271676541562,122.svg,True,https://cdn.shopify.com/s/files/1/2418/2505/t/189/assets/tiktok.svg?v=155589194354721895271676541562,110.0
111,123,v=3792600652985399191676541557,123.svg,True,https://cdn.shopify.com/s/files/1/2418/2505/t/189/assets/pinterest.svg?v=3792600652985399191676541557,111.0
112,124,v=154875811522202353011676541565,124.svg,True,https://cdn.shopify.com/s/files/1/2418/2505/t/189/assets/twitter.svg?v=154875811522202353011676541565,112.0
113,125,ID=cc2cd213-5ae0-4035-9521-df08f63eddb5,125.png,True,https://images.dmca.com/Badges/DMCA_badge_grn_60w.png?ID=cc2cd213-5ae0-4035-9521-df08f63eddb5,113.0
